<?xml version="1.0" encoding="UTF-8" ?>
<!DOCTYPE mapper PUBLIC "-//mybatis.org//DTD Mapper 3.0//EN"
        "http://mybatis.org/dtd/mybatis-3-mapper.dtd" >
<mapper namespace="com.sky.mapper.AddressBookMapper">

    <!--    更新地址信息-->
    <update id="updateById">
        update address_book
        <set>
            <if test="userId != null">user_id=#{userId},</if>
            <if test="consignee!=null">consignee=#{consignee},</if>
            <if test="phone!=null">phone=#{phone},</if>
            <if test="sex!=null">sex=#{sex},</if>
            <if test="provinceCode!=null">province_code=#{provinceCode},</if>
            <if test="provinceName!=null">province_name=#{provinceName},</if>
            <if test="cityCode!=null">city_code=#{cityCode},</if>
            <if test="cityName!=null">city_name=#{cityName},</if>
            <if test="districtCode!=null">district_code=#{districtCode},</if>
            <if test="districtName!=null">district_name=#{districtName},</if>
            <if test="detail!=null">detail=#{detail},</if>
            <if test="label!=null">label=#{label},</if>
            <if test="isDefault!=null">is_default=#{isDefault},</if>
        </set>
            where id=#{id}
    </update>


    <!--    动态查询地址-->
    <select id="list" resultType="com.sky.entity.AddressBook">
        select * from address_book
        <where>
            <if test="userId!=null">and user_id=#{userId}</if>
            <if test="phone!=null">and phone=#{phone}</if>
            <if test="isDefault!=null">and is_default=#{isDefault}</if>
            <if test="id!=null">and id=#{id}</if>
        </where>
    </select>
</mapper>
