<?xml version="1.0" encoding="UTF-8" ?>
<!DOCTYPE mapper PUBLIC "-//mybatis.org//DTD Mapper 3.0//EN"
        "http://mybatis.org/dtd/mybatis-3-mapper.dtd" >
<mapper namespace="com.sky.mapper.DishFlavorMapper">
    <!--批量插入口味数据-->
    <insert id="insertBatch">
        insert into dish_flavor (dish_id, name, value) VALUES
        <foreach collection="flavors" item="flavor" separator=",">
            (#{flavor.dishId},#{flavor.name},#{flavor.value})
        </foreach>
    </insert>

    <!--    批量删除口味数据  -->
    <delete id="deleteByDishIds">
        delete from dish_flavor where dish_id in
        <foreach collection="dishIds" separator="," open="(" close=")" item="dishId">
            #{dishId}
        </foreach>
    </delete>
</mapper>
