<?xml version="1.0" encoding="UTF-8" ?>
<!DOCTYPE mapper PUBLIC "-//mybatis.org//DTD Mapper 3.0//EN"
        "http://mybatis.org/dtd/mybatis-3-mapper.dtd" >
<mapper namespace="com.sky.mapper.DishMapper">

    <!--新增菜品数据-->
    <insert id="insert" useGeneratedKeys="true" keyProperty="id">
        insert into dish (name, category_id, price, image, description, status, create_time, update_time, create_user,
                          update_user)
        VALUES (#{name}, #{categoryId}, #{price}, #{image}, #{description}, #{status}, #{createTime}, #{updateTime},
                #{createUser}, #{updateUser})
    </insert>
    <!--    更新菜品信息-->
    <update id="update">
        update dish
        <set>
            <if test="name!=null and name!=''">name = #{name},</if>
            <if test="categoryId!=null">category_id = #{categoryId},</if>
            <if test="price!=null and price!=''">price = #{price},</if>
            <if test="description!=null and description!=''">description = #{description},</if>
            <if test="status!=null">status = #{status},</if>
            <if test="image!=null">image = #{image},</if>
            <if test="updateTime!= null">update_time = #{updateTime},</if>
            <if test="updateUser!= null">update_user = #{updateUser},</if>
        </set>
        where id = #{id}
    </update>
    <!--    根据id批量删除菜品信息-->
    <delete id="deleteByIds">
        delete from dish where id in
        <foreach collection="ids" item="id" separator="," open="(" close=")">
            #{id}
        </foreach>
    </delete>

    <!--    分页查询-->
    <select id="pageQuery" resultType="com.sky.vo.DishVO">
        SELECT d.*,c.name categoryName FROM dish d,category c
        <where>
            d.category_id = c.id
            <if test="name!=null and name !=''">and d.name like concat('%',#{name},'%')</if>
            <if test="categoryId!=null">and d.category_id = #{categoryId}</if>
            <if test="status!=null">and d.status = #{status}</if>
        </where>
        order by d.create_time desc
    </select>

    <!--    查询菜品信息  -->
    <select id="list" resultType="com.sky.entity.Dish">
        select * from dish
        <where>
            <if test="name != null">and name like concat('%',#{name},'%'</if>
            <if test="categoryId != null">and category_id = #{categoryId}</if>
            <if test="status != null">and status = #{status}</if>
        </where>
        order by create_time desc
    </select>


</mapper>
