<?xml version="1.0" encoding="UTF-8" ?>
<!DOCTYPE mapper PUBLIC "-//mybatis.org//DTD Mapper 3.0//EN"
        "http://mybatis.org/dtd/mybatis-3-mapper.dtd" >
<mapper namespace="com.sky.mapper.OrderMapper">

    <!--插入订单数据-->
    <insert id="insert" useGeneratedKeys="true" keyProperty="id">
        insert into orders (number, status, user_id, address_book_id, order_time, checkout_time, pay_method, pay_status,
                            amount, remark, phone, address, user_name, consignee, cancel_reason, rejection_reason,
                            cancel_time, estimated_delivery_time, delivery_status, delivery_time,
                            pack_amount, tableware_number, tableware_status)
        VALUES (#{number}, #{status}, #{userId}, #{addressBookId}, #{orderTime}, #{checkoutTime}, #{payMethod},
                #{payStatus},
                #{amount}, #{remark}, #{phone}, #{address}, #{userName}, #{consignee}, #{cancelReason},
                #{rejectionReason},
                #{cancelTime}, #{estimatedDeliveryTime}, #{deliveryStatus}, #{deliveryTime},
                #{packAmount}, #{tablewareNumber}, #{tablewareStatus})
    </insert>

    <!--动态更新订单数据-->
    <update id="update" parameterType="com.sky.entity.Orders">
        update orders
        <set>
            <if test="cancelReason != null and cancelReason!='' ">cancel_reason=#{cancelReason},</if>
            <if test="rejectionReason != null and rejectionReason!='' ">rejection_reason=#{rejectionReason},</if>
            <if test="cancelTime != null">cancel_time=#{cancelTime},</if>
            <if test="payStatus != null">pay_status=#{payStatus},</if>
            <if test="payMethod != null">pay_method=#{payMethod},</if>
            <if test="checkoutTime != null">checkout_time=#{checkoutTime},</if>
            <if test="status != null">status = #{status},</if>
            <if test="deliveryTime != null">delivery_time = #{deliveryTime}</if>
        </set>
        where id = #{id}
    </update>

    <!--    动态查询订单信息-->
    <select id="pageQuery" resultType="com.sky.entity.Orders">
        SELECT * FROM orders
        <where>
            <if test="number!=null and number!=''">and number like concat('%',#{number},'%')</if>
            <if test="phone!=null and phone !=''">and phone like concat('%',#{phone},'%')</if>
            <if test="status!=null">and status = #{status}</if>
            <if test="beginTime!=null and endTime != null">and order_time BETWEEN #{beginTime} AND #{endTime}</if>
        </where>
        order by order_time desc
    </select>

    <!--    查询指定时间段内订单数据-->
    <select id="getOrderListByDateAndStatus" resultType="com.sky.entity.OrderStatistic">
        SELECT DATE(order_time) as day , COUNT(*) as amount FROM orders
        <where>
            <if test="begin!=null and end!=null">and order_time BETWEEN #{begin} AND #{end}</if>
            <if test="status!=null">and status = #{status}</if>
        </where>
        GROUP BY day
    </select>

    <!--    查询指定时间段内订单数据-->
    <select id="getByStatusAndOrderTimeLT" resultType="com.sky.entity.Orders">
        select * from orders
        <where>
            <if test="status!=null">and status = #{status}</if>
            <if test="time!=null">and order_time &lt; #{time} </if>
        </where>
    </select>


</mapper>
