<?xml version="1.0" encoding="UTF-8" ?>
<!DOCTYPE mapper PUBLIC "-//mybatis.org//DTD Mapper 3.0//EN"
        "http://mybatis.org/dtd/mybatis-3-mapper.dtd" >
<mapper namespace="com.sky.mapper.SetmealMapper">
    <!--    新增分类信息-->
    <insert id="insert" keyProperty="id" useGeneratedKeys="true">
        insert into setmeal (category_id, name, price, status, description, image, create_time, update_time,
                             create_user, update_user)
        VALUES (#{categoryId}, #{name}, #{price}, #{status}, #{description}, #{image}, #{createTime}, #{updateTime},
                #{createUser}, #{updateUser})
    </insert>


    <!--    更新套餐信息-->
    <update id="update" useGeneratedKeys="true" keyProperty="id">
        update setmeal
        <set>
            <if test="name!=null and null !=''">name = #{name},</if>
            <if test="categoryId!=null">category_id = #{categoryId},</if>
            <if test="price!=null">price = #{price},</if>
            <if test="status!=null">status = #{status},</if>
            <if test="image!=null">image = #{image},</if>
            <if test="description!=null">description = #{description},</if>
            <if test="updateTime!=null">update_time = #{updateTime},</if>
            <if test="updateUser!=null">update_user = #{updateUser},</if>
        </set>
        where id = #{id}
    </update>

    <!--    批量删除套餐信息-->
    <delete id="deleteBatch">
        delete from setmeal where id in
        <foreach collection="ids" separator="," item="id" open="(" close=")">
            #{id}
        </foreach>
    </delete>

    <!--分页查询-->
    <select id="pageQuery" resultType="com.sky.entity.Setmeal">
        select s.*,c.name categoryName from setmeal s left join category c on s.category_id = c.id
        <where>
            <if test="name!=null and name!=''">and s.name like concat('%',#{name},'%')</if>
            <if test="categoryId!=null">and s.category_id = #{categoryId}</if>
            <if test="status!=null">and s.status = #{status}</if>
        </where>
        order by s.create_time desc
    </select>
    <!--    条件查询  -->
    <select id="list" resultType="com.sky.entity.Setmeal">
        SELECT * FROM setmeal
        <where>
            <if test="name!=null and name!=''">and name like concat('%',#{name},'%')</if>
            <if test="categoryId!=null">and category_id = #{categoryId}</if>
            <if test="status!=null">and status = #{status}</if>
        </where>
    </select>
</mapper>
