<?xml version="1.0" encoding="UTF-8" ?>
<!DOCTYPE mapper PUBLIC "-//mybatis.org//DTD Mapper 3.0//EN"
        "http://mybatis.org/dtd/mybatis-3-mapper.dtd" >
<mapper namespace="com.sky.mapper.SetmealDishMapper">
    <!--    批量插入套餐菜品信息-->
    <insert id="insertBatch">
        insert into setmeal_dish (setmeal_id, dish_id, name ,price, copies) values
        <foreach collection="setmealDishes" item="setmealDish" separator=",">
            (#{setmealDish.setmealId},#{setmealDish.dishId},#{setmealDish.name},#{setmealDish.price},#{setmealDish.copies})
        </foreach>
    </insert>

    <!--    批量删除套餐菜品信息-->
    <delete id="deleteBySetmealIdBatch">
        delete from setmeal_dish where setmeal_id in
        <foreach collection="setmealIds" open="(" close=")" item="setmealId" separator=",">
            #{setmealId}
        </foreach>
    </delete>

    <!--    根据菜品id查询套餐id   -->
    <select id="getSetmealIdsByDishIds" resultType="java.lang.Long">
        select setmeal_id from setmeal_dish where dish_id in
        <foreach collection="dishIds" separator="," item="dishId" open="(" close=")">
            #{dishId}
        </foreach>
    </select>
</mapper>
