<?xml version="1.0" encoding="UTF-8" ?>
<!DOCTYPE mapper PUBLIC "-//mybatis.org//DTD Mapper 3.0//EN"
        "http://mybatis.org/dtd/mybatis-3-mapper.dtd" >
<mapper namespace="com.sky.mapper.ShoppingCartMapper">

<!--    批量插入购物车数据-->
    <insert id="insertBatch">
        insert into shopping_cart
            (name, image, user_id, dish_id, setmeal_id, dish_flavor, amount, create_time ,number)
        values
        <foreach collection="shoppingCartList" item="cart" separator=",">
            (#{cart.name},#{cart.image},#{cart.userId},#{cart.dishId},#{cart.setmealId},#{cart.dishFlavor},#{cart.amount},#{cart.createTime},#{cart.number})
        </foreach>
    </insert>
    <!--    动态删除购物车中的商品-->
    <delete id="delete">
        delete from shopping_cart
        <where>
            <if test="userId!=null">and user_id=#{userId}</if>
            <if test="dishId!=null">and dish_id=#{dishId}</if>
            <if test="dishFlavor!=null">and dish_flavor=#{dishFlavor}</if>
            <if test="setmealId!=null">and setmeal_id=#{setmealId}</if>
        </where>
    </delete>


    <!--    动态获取购物车中的商品信息  -->
    <select id="list" resultType="com.sky.entity.ShoppingCart">
        select * from shopping_cart
        <where>
            <if test="dishId!=null">and dish_id=#{dishId}</if>
            <if test="setmealId!=null">and setmeal_id=#{setmealId}</if>
            <if test="userId!=null">and user_id=#{userId}</if>
            <if test="dishFlavor!=null">and dish_flavor=#{dishFlavor}</if>
        </where>
    </select>
</mapper>
